record_id,failed_logins,login_hour,new_device,download_mb,label
1,4,1,0,164.9,Suspicious
2,3,3,1,250.6,Suspicious
3,3,10,0,145.1,Normal
4,2,11,0,397.8,Normal
5,1,3,0,409.3,Normal
6,6,10,0,,Suspicious
7,1,14,0,651.7,Normal
8,0,5,1,202.2,Normal
9,1,8,0,400,Suspicious
10,3,8,0,245.5,Normal
11,1,12,1,242.2,Normal
12,1,8,1,39.3,Normal
13,2,17,0,69,Normal
14,5,7,0,151.4,Suspicious
15,2,10,0,407.2,Normal
16,1,9,0,248.1,Normal
17,5,4,0,152.5,Suspicious
18,,16,1,299.1,Normal
19,4,5,0,397,Suspicious
20,2,7,0,192.6,Normal
21,0,19,1,226.7,Normal
22,1,22,0,205.6,Normal
23,2,16,1,183.4,Normal
24,0,21,1,97.7,Normal
25,1,20,0,91,Normal
26,4,11,0,297.7,Normal
27,2,18,1,402.2,Normal
28,0,7,1,152.2,Normal
29,2,11,1,149.4,Normal
30,1,12,0,28.1,Normal
31,3,23,1,22,Suspicious
32,2,20,0,473.8,Normal
33,2,11,0,103.5,Normal
34,4,15,0,822.4,Normal
35,2,4,0,120,Normal
36,2,19,0,40.8,Normal
37,2,13,0,206.8,Normal
38,5,12,1,334.7,Suspicious
39,1,18,0,309,Normal
40,1,15,0,358.2,Normal
41,2,1,0,80.7,Normal
42,0,6,0,466.2,Normal
43,1,4,1,484.8,Suspicious
44,3,17,1,499,Suspicious
45,0,0,0,232.6,Suspicious
46,3,4,1,142.8,Suspicious
47,4,14,1,132.5,Suspicious
48,1,16,0,40.5,Normal
49,2,12,1,122.3,Normal
50,2,20,0,10.7,Normal
51,1,22,1,34.5,Normal
52,3,3,0,230.8,Normal
53,1,22,0,156.5,Normal
54,2,14,0,223.5,Normal
55,4,15,1,316.9,Suspicious
56,3,2,0,254.7,Normal
57,2,14,0,239.1,Normal
58,7,17,0,179,Suspicious
59,3,13,1,100.1,Normal
60,3,2,0,59.9,Normal
61,1,12,1,125.1,Normal
62,1,22,0,181.4,Normal
63,2,17,0,199.4,Normal
64,4,3,0,358.8,Suspicious
65,0,23,0,168.9,Suspicious
66,1,23,0,285.2,Suspicious
67,1,4,1,47,Normal
68,3,19,0,233.3,Normal
69,3,9,1,221.3,Suspicious
70,2,14,0,466.4,Normal
71,2,10,1,156.6,Normal
72,3,18,1,151.3,Suspicious
73,2,23,1,318.5,Suspicious
74,1,19,0,64.7,Normal
75,6,22,1,228.8,Suspicious
76,0,22,0,61.4,Normal
77,3,2,0,609.2,Suspicious
78,4,6,0,135.4,Normal
79,3,17,0,57.4,Normal
80,1,14,1,124.3,Normal
81,2,1,0,229.8,Normal
82,0,2,1,278.8,Normal
83,1,12,0,450,Normal
84,2,14,1,111.8,Normal
85,2,4,0,328.7,Normal
86,1,4,0,34.5,Normal
87,0,3,1,75.5,Normal
88,0,13,1,48.5,Normal
89,1,0,0,95.1,Normal
90,3,13,0,318.4,Normal
91,3,11,0,114.2,Normal
92,1,11,0,133.4,Normal
93,2,16,1,234.4,Normal
94,0,12,1,270.5,Normal
95,2,17,0,136.8,Normal
96,1,18,0,75,Normal
97,1,22,0,544.1,Normal
98,7,19,1,137.6,Suspicious
99,3,12,0,149.2,Normal
100,2,11,1,164.8,Normal
9,1,8,0,400,Suspicious
